<?xml version="1.0" encoding="UTF-8"?>
<project-private xmlns="http://www.netbeans.org/ns/project-private/1">
    <editor-bookmarks xmlns="http://www.netbeans.org/ns/editor-bookmarks/2" lastBookmarkId="0"/>
    <open-files xmlns="http://www.netbeans.org/ns/projectui-open-files/2">
        <group>
            <file>file:/C:/Users/LE/Desktop/Abdinasir%20mahamed%20hamud/employee/src/chapter6/Chapter6.java</file>
            <file>file:/C:/Users/LE/Desktop/Abdinasir%20mahamed%20hamud/employee/src/login.java</file>
            <file>file:/C:/Users/LE/Desktop/Abdinasir%20mahamed%20hamud/employee/src/neradmin.java</file>
            <file>file:/C:/Users/LE/Desktop/Abdinasir%20mahamed%20hamud/employee/src/employee_salary.java</file>
        </group>
    </open-files>
</project-private>
